ProjectID,Story ID,StoryPoints,Estimated,Actual,EmployID,StartDate,EndDate
16478920,0,S,43,44.4,125729,2/22/2022,4/25/2023
16478920,1,S,41,40.9,654123,2/24/2022,6/15/2023
16478920,2,S,50,51.8,963258,3/24/2022,6/15/2023
16478920,3,S,29,27,854187,4/13/2022,3/23/2023
16478920,4,S,48,48,854187,2/16/2022,6/14/2023
16478920,5,S,26,24.6,126234,3/30/2022,1/6/2023
16478920,6,M,67,67.3,127843,1/4/2022,5/24/2023
16478920,7,S,39,40.5,982147,2/4/2022,6/16/2023
16478920,8,S,35,36,125689,3/21/2022,6/14/2023
16478920,9,M,53,49.3,164945,1/28/2022,6/20/2023
16478920,10,S,36,36.2,258741,1/5/2022,5/26/2023
16478920,11,S,37,38,476254,2/7/2022,6/29/2023
16478920,12,S,36,37.2,885962,2/4/2022,3/29/2023
16478920,13,S,28,27.7,123491,1/4/2022,5/18/2023
16478920,14,M,62,63.2,164945,1/4/2022,6/27/2023
16478920,15,S,36,35.5,141023,5/5/2022,6/5/2023
16478920,16,S,46,45.2,126234,3/30/2022,6/6/2023
16478920,17,M,61,60.4,141023,1/20/2022,6/12/2023
16478920,18,S,29,28.4,632148,3/1/2022,6/30/2023
16478920,19,S,42,43.6,741354,1/31/2022,4/12/2023
16478920,20,M,56,54.4,134875,7/19/2022,5/4/2023
16478920,21,M,64,65.7,125689,2/16/2022,6/30/2023
16478920,22,S,37,36.4,127841,1/14/2022,3/22/2023
16478920,23,S,39,38.1,125729,1/12/2022,6/12/2023
16478920,24,M,52,54.7,789654,2/8/2022,5/23/2023
16478920,25,M,53,54.3,632148,1/18/2022,6/22/2023
16478920,26,S,28,27.4,123491,8/1/2022,4/14/2023
16478920,27,XS,16,16.6,683192,4/12/2022,3/20/2023
16478920,28,XS,17,17.7,741354,3/11/2022,6/2/2023
16478920,29,M,58,59.9,125729,1/3/2022,5/3/2023
16478920,30,S,48,49.1,547812,1/12/2022,5/23/2023
16478920,31,S,38,39,547812,6/8/2022,5/11/2023
16478920,32,XS,16,15,654123,2/15/2022,3/21/2023
16478920,33,S,34,35.4,456987,2/25/2022,5/26/2023
16478920,34,S,50,50.3,632148,6/7/2022,6/30/2023
16478920,35,S,43,44,632148,5/12/2022,6/9/2023
16478920,36,M,67,66.6,632148,1/5/2022,6/2/2023
16478920,37,M,50,46.8,789654,1/31/2022,6/21/2023
16478920,38,M,64,63.1,632148,3/18/2022,5/17/2023
16478920,39,S,44,42.8,547812,5/26/2022,4/20/2023
16478920,40,S,45,43.6,885962,1/11/2022,6/9/2023
16478920,41,S,42,40.3,125689,4/21/2022,5/24/2023
16478920,42,S,33,31.8,127843,8/5/2022,5/16/2023
16478920,43,S,39,38.1,127843,3/4/2022,5/19/2023
16478920,44,M,58,59.8,547812,2/16/2022,4/26/2023
16478920,45,S,33,34.2,147853,4/14/2022,12/7/2022
16478920,46,S,27,25.7,258741,1/10/2022,6/22/2023
16478920,47,S,40,40.7,141023,2/4/2022,5/24/2023
16478920,48,L,76,81.4,789654,2/8/2022,3/27/2023
16478920,49,S,39,39.7,741354,1/14/2022,1/4/2023
16478920,50,S,47,48.9,147853,2/1/2022,6/23/2023
16478920,51,M,63,66.6,134875,2/7/2022,6/28/2023
16478920,52,M,61,61.4,683192,2/11/2022,6/28/2023
16478920,53,M,65,62.4,125729,3/10/2022,5/18/2023
16478920,54,S,42,44,683192,1/7/2022,4/10/2023
16478920,55,S,45,45.6,125729,1/25/2022,6/7/2023
16478920,56,M,53,49,632148,3/11/2022,5/19/2023
16478920,57,S,27,26.2,885962,4/11/2022,4/28/2023
16478920,58,L,84,81,127841,1/12/2022,6/9/2023
16478920,59,S,48,48.4,683192,1/31/2022,1/26/2023
16478920,60,M,66,63.6,164945,1/13/2022,6/5/2023
16478920,61,S,35,37,245984,5/31/2022,6/19/2023
16478920,62,M,58,55.8,963258,2/3/2022,5/16/2023
16478920,63,S,38,38.2,141023,1/25/2022,6/12/2023
16478920,64,S,41,39.8,245984,5/3/2022,6/1/2023
16478920,65,S,44,46.1,127841,1/6/2022,5/4/2023
16478920,66,S,35,33.6,854187,2/10/2022,6/9/2023
16478920,67,S,45,44.9,654123,2/2/2022,2/23/2023
16478920,68,S,38,39.8,547812,2/8/2022,6/1/2023
16478920,69,S,28,27.2,245984,3/28/2022,6/20/2023
16478920,70,M,56,57.9,476254,1/4/2022,4/3/2023
16478920,71,S,43,44.6,885962,4/15/2022,1/12/2023
16478920,72,S,31,32.7,963258,6/30/2022,3/31/2023
16478920,73,S,33,33.1,654123,1/5/2022,3/2/2023
16478920,74,M,60,56.6,125729,1/6/2022,6/27/2023
16478920,75,XS,22,20.7,127841,3/14/2022,10/4/2022
16478920,76,S,39,40.7,476254,2/28/2022,6/23/2023
16478920,77,M,60,64,164945,1/25/2022,3/10/2023
16478920,78,S,38,37.1,654123,2/7/2022,5/10/2023
16478920,79,S,41,39.4,789654,7/18/2022,4/7/2023
16478920,80,S,48,47.8,789654,1/10/2022,2/8/2023
16478920,81,M,51,48.3,456987,2/14/2022,6/30/2023
16478920,82,S,46,44,854187,5/26/2022,5/4/2023
16478920,83,L,81,74.6,547812,1/20/2022,6/29/2023
16478920,84,S,40,38.2,789654,2/14/2022,12/9/2022
16478920,85,S,32,33.6,345789,1/14/2022,6/16/2023
16478920,86,M,70,71.1,141023,1/18/2022,6/21/2023
16478920,87,S,37,37.1,125689,3/1/2022,6/26/2023
16478920,88,M,53,54.6,258741,2/21/2022,6/29/2023
16478920,89,S,40,40,476254,5/18/2022,6/29/2023
16478920,90,XS,23,22.1,164945,3/7/2022,5/10/2023
16478920,91,S,44,45.1,654123,4/7/2022,6/22/2023
16478920,92,S,31,30.4,632148,2/17/2022,3/16/2023
16478920,93,M,69,68.2,245984,1/6/2022,6/16/2023
16478920,94,S,45,44.7,982147,2/8/2022,6/23/2023
16478920,95,M,53,52.2,683192,1/11/2022,2/9/2023
16478920,96,M,66,67.7,258741,4/13/2022,5/24/2023
16478920,97,S,33,31.9,982147,3/28/2022,3/27/2023
16478920,98,S,49,48.2,258741,1/10/2022,4/5/2023
16478920,99,S,34,34.6,963258,1/26/2022,6/15/2023
16478920,100,S,28,27.3,885962,2/16/2022,3/30/2023
16478920,101,S,30,31.9,164945,3/3/2022,6/26/2023
16478920,102,M,71,71.6,126234,1/3/2022,6/27/2023
16478920,103,M,69,65.2,127841,1/31/2022,5/19/2023
16478920,104,S,30,30.1,885962,2/18/2022,6/27/2023
16478920,105,S,39,41,632148,6/23/2022,12/23/2022
16478920,106,M,53,51.6,147853,2/28/2022,5/22/2023
16478920,107,S,44,45.7,123491,1/6/2022,5/17/2023
16478920,108,M,54,55.3,126234,1/3/2022,6/26/2023
16478920,109,S,42,43.1,123654,1/4/2022,6/20/2023
16478920,110,S,35,34.5,141023,1/4/2022,6/6/2023
16478920,111,S,25,27,147853,1/19/2022,5/9/2023
16478920,112,S,48,46.4,632148,1/19/2022,6/15/2023
16478920,113,S,47,46,885962,3/23/2022,5/10/2023
16478920,114,S,46,44.4,854187,1/19/2022,6/26/2023
16478920,115,XS,12,13.4,683192,1/5/2023,5/10/2023
16478920,116,S,39,38.2,141023,1/27/2022,4/11/2023
16478920,117,S,38,39.7,127841,2/24/2022,5/3/2023
16478920,118,S,35,36.2,963258,4/8/2022,6/8/2023
16478920,119,S,46,47.5,476254,1/12/2022,6/21/2023
16478920,120,M,53,56.7,885962,2/18/2022,6/27/2023
16478920,121,M,52,55.9,123654,1/24/2022,5/15/2023
16478920,122,S,27,28.3,126234,9/20/2022,6/27/2023
16478920,123,S,50,49.3,476254,3/2/2022,6/14/2023
16478920,124,M,67,65.8,789654,1/21/2022,6/19/2023
16478920,125,S,37,37.3,456987,2/22/2022,4/25/2023
16478920,126,S,49,50.4,126234,1/17/2022,5/2/2023
16478920,127,M,51,50,164945,3/15/2022,6/14/2023
16478920,128,S,47,48.9,141023,2/16/2022,5/5/2023
16478920,129,S,40,41.7,854187,4/11/2022,3/23/2023
16478920,130,S,48,49.4,547812,2/7/2022,4/12/2023
16478920,131,S,37,36.7,125729,2/16/2022,3/23/2023
16478920,132,M,65,65.3,127841,1/4/2022,5/10/2023
16478920,133,L,81,88.1,258741,3/31/2022,6/30/2023
16478920,134,M,52,48.1,125729,3/9/2022,5/30/2023
16478920,135,M,50,47.2,127841,2/3/2022,4/20/2023
16478920,136,S,43,44.9,854187,6/3/2022,6/20/2023
16478920,137,XS,23,22.5,134875,4/19/2022,5/30/2023
16478920,138,S,43,43.5,547812,1/28/2022,4/18/2023
16478920,139,S,41,39.1,345789,1/27/2022,6/5/2023
16478920,140,S,41,42.9,164945,2/18/2022,3/6/2023
16478920,141,XS,25,24.3,476254,2/15/2022,6/27/2023
16478920,142,L,86,81.9,258741,1/10/2022,6/5/2023
16478920,143,S,31,29.7,126234,2/25/2022,6/6/2023
16478920,144,S,43,44.5,885962,1/24/2022,6/8/2023
16478920,145,S,32,32.1,164945,4/19/2022,4/27/2023
16478920,146,M,60,58.6,683192,1/19/2022,4/28/2023
16478920,147,M,60,63.6,456987,1/7/2022,5/5/2023
16478920,148,S,47,47.9,125689,1/31/2022,5/16/2023
16478920,149,M,70,71.8,126234,1/11/2022,5/26/2023
16478920,150,S,49,48,456987,1/7/2022,6/6/2023
16478920,151,L,77,84.4,982147,2/10/2022,6/6/2023
16478920,152,M,52,48.6,125729,1/26/2022,6/14/2023
16478920,153,M,64,62.4,476254,1/5/2022,5/18/2023
16478920,154,S,34,32.5,854187,1/12/2022,4/7/2023
16478920,155,M,59,58.9,547812,1/24/2022,6/28/2023
16478920,156,S,40,41.4,125689,2/11/2022,4/18/2023
16478920,157,S,31,30.5,134875,3/7/2022,5/4/2023
16478920,158,S,32,33.7,164945,2/2/2022,4/24/2023
16478920,159,S,39,37.4,127843,1/26/2022,11/30/2022
16478920,160,S,43,41.3,123491,5/6/2022,6/8/2023
16478920,161,XS,23,23,789654,2/15/2022,10/14/2022
16478920,162,S,32,31,245984,2/23/2022,6/14/2023
16478920,163,M,62,64.1,476254,2/2/2022,5/19/2023
16478920,164,XS,21,19.9,123654,11/14/2022,3/13/2023
16478920,165,S,26,25.7,123491,3/10/2022,3/16/2023
16478920,166,M,51,50.2,654123,1/10/2022,6/7/2023
16478920,167,M,56,57.3,741354,1/26/2022,6/7/2023
16478920,168,S,48,47.7,547812,3/23/2022,6/9/2023
16478920,169,M,72,68.4,126234,2/23/2022,6/21/2023
16478920,170,M,51,51.1,126234,6/20/2022,6/15/2023
16478920,171,L,82,81.3,345789,1/3/2022,5/16/2023
16478920,172,XL,108,108,147853,1/5/2022,6/29/2023
16478920,173,S,38,37,123491,6/20/2022,6/6/2023
16478920,174,S,37,37.1,134875,4/21/2022,11/9/2022
16478920,175,S,43,42.9,963258,1/20/2022,12/28/2022
16478920,176,M,62,61.1,123491,4/8/2022,5/22/2023
16478920,177,S,31,30.2,885962,2/24/2022,4/28/2023
16478920,178,XS,10,8.9,885962,11/7/2022,2/15/2023
16478920,179,M,56,55.2,245984,1/10/2022,6/13/2023
16478920,180,S,26,27.9,854187,3/30/2022,6/23/2023
16478920,181,S,28,28.7,123491,1/18/2022,5/12/2023
16478920,182,S,32,32.7,456987,2/22/2022,3/21/2023
16478920,183,M,62,59.2,476254,1/4/2022,5/26/2023
16478920,184,S,48,47.7,632148,1/4/2022,5/8/2023
16478920,185,M,71,73.4,547812,1/26/2022,6/28/2023
16478920,186,S,36,34,125729,1/20/2022,5/12/2023
16478920,187,S,45,46,982147,6/16/2022,5/11/2023
16478920,188,S,34,32.6,982147,1/31/2022,3/23/2023
16478920,189,S,46,45.2,123654,4/22/2022,3/14/2023
16478920,190,S,44,44.1,123491,2/1/2022,5/5/2023
16478920,191,M,67,68.5,141023,1/7/2022,6/15/2023
16478920,192,XS,8,8.3,741354,2/7/2022,12/22/2022
16478920,193,S,40,38.3,126234,1/6/2022,5/9/2023
16478920,194,S,36,35.9,345789,5/3/2022,5/17/2023
16478920,195,M,62,60.7,125729,1/3/2022,6/27/2023
16478920,196,S,35,33.2,741354,3/17/2022,6/30/2023
16478920,197,S,40,41.5,789654,3/9/2022,2/16/2023
16478920,198,L,77,82.6,123491,1/12/2022,6/19/2023
16478920,199,M,60,59.5,123654,1/7/2022,6/1/2023
16478920,200,M,53,52.5,476254,4/27/2022,6/16/2023
16478920,201,S,30,28,127841,3/14/2022,2/24/2023
16478920,202,S,48,49,127843,1/20/2022,6/23/2023
16478920,203,S,35,33.2,123491,3/1/2022,6/30/2023
16478920,204,M,51,49.7,547812,1/5/2022,3/31/2023
16478920,205,XS,17,17.6,963258,1/10/2022,5/18/2023
16478920,206,S,40,38.8,963258,4/12/2022,5/25/2023
16478920,207,S,48,49.1,123491,3/18/2022,6/5/2023
16478920,208,S,42,42.7,741354,4/13/2022,6/21/2023
16478920,209,S,31,30.2,456987,3/29/2022,2/24/2023
16478920,210,M,57,55.8,654123,1/7/2022,6/12/2023
16478920,211,M,59,59.5,147853,3/29/2022,6/22/2023
16478920,212,M,70,71.7,963258,3/31/2022,6/16/2023
16478920,213,XS,23,24.1,632148,3/3/2022,5/24/2023
16478920,214,S,32,33.3,123654,2/22/2022,4/25/2023
16478920,215,S,46,47.4,963258,1/27/2022,1/16/2023
16478920,216,S,38,38.4,127841,4/19/2022,6/6/2023
16478920,217,S,49,50.9,127843,4/19/2022,6/12/2023
16478920,218,M,74,77.4,123491,1/12/2022,3/31/2023
16478920,219,S,27,28.3,126234,5/4/2022,6/12/2023
16478920,220,M,55,51.7,741354,1/11/2022,5/16/2023
16478920,221,M,59,62.3,141023,1/20/2022,5/30/2023
16478920,222,M,70,72.6,127843,1/25/2022,6/13/2023
16478920,223,M,60,61,789654,1/6/2022,6/12/2023
16478920,224,S,41,40.1,456987,5/3/2022,6/14/2023
16478920,225,XS,25,25.2,854187,1/24/2022,1/20/2023
16478920,226,M,59,58.7,741354,3/10/2022,6/1/2023
16478920,227,S,35,34.6,147853,1/11/2022,2/3/2023
16478920,228,S,32,30.9,547812,4/4/2022,6/26/2023
16478920,229,M,57,54.6,547812,1/10/2022,4/24/2023
16478920,230,XS,12,10.7,741354,9/7/2022,12/19/2022
16478920,231,M,71,72.2,854187,1/28/2022,5/30/2023
16478920,232,M,68,66.8,741354,1/27/2022,6/13/2023
16478920,233,S,42,41.3,963258,1/13/2022,4/5/2023
16478920,234,S,27,26.9,127841,3/29/2022,12/19/2022
16478920,235,S,32,32.1,127843,2/8/2022,5/19/2023
16478920,236,S,41,42.2,683192,1/25/2022,6/20/2023
16478920,237,S,46,45.5,854187,3/3/2022,3/7/2023
16478920,238,M,55,52.2,164945,1/19/2022,6/29/2023
16478920,239,M,60,56.1,982147,1/4/2022,6/26/2023
16478920,240,S,49,48,345789,1/10/2022,6/28/2023
16478920,241,M,68,65.9,632148,1/10/2022,6/26/2023
16478920,242,M,51,48.8,885962,3/11/2022,6/9/2023
16478920,243,S,38,37.6,164945,3/22/2022,6/29/2023
16478920,244,M,57,54.1,456987,3/16/2022,6/21/2023
16478920,245,XS,17,16,885962,9/20/2022,2/24/2023
16478920,246,M,62,64.1,982147,2/7/2022,5/30/2023
16478920,247,S,30,29.9,125729,4/8/2022,2/9/2023
16478920,248,S,39,40.6,164945,4/19/2022,4/20/2023
16478920,249,M,73,72,982147,2/7/2022,6/1/2023
16478920,250,M,57,56.3,683192,1/3/2022,5/26/2023
16478920,251,M,57,59.7,982147,1/12/2022,6/13/2023
16478920,252,S,40,39.1,123491,1/27/2022,4/26/2023
16478920,253,M,52,55.1,476254,2/17/2022,5/4/2023
16478920,254,S,29,29.2,789654,1/12/2022,6/8/2023
16478920,255,XS,25,24.4,127843,3/11/2022,12/14/2022
16478920,256,S,32,30.3,123491,1/4/2022,6/20/2023
16478920,257,S,28,26.5,245984,3/1/2022,4/26/2023
16478920,258,M,65,65.9,125729,2/7/2022,6/20/2023
16478920,259,M,64,62.7,258741,1/19/2022,6/22/2023
16478920,260,S,43,44.2,258741,1/20/2022,6/22/2023
16478920,261,M,52,50.2,885962,2/7/2022,5/30/2023
16478920,262,S,44,44.2,127843,2/28/2022,5/29/2023
16478920,263,M,52,53.2,654123,5/13/2022,6/5/2023
16478920,264,S,38,36.7,125729,4/4/2022,12/30/2022
16478920,265,M,71,69.3,456987,2/15/2022,6/30/2023
16478920,266,S,45,44.5,741354,2/15/2022,5/15/2023
16478920,267,M,67,67.4,125689,1/6/2022,6/26/2023
16478920,268,S,48,48.8,854187,1/18/2022,5/24/2023
16478920,269,S,43,44.3,141023,2/22/2022,4/12/2023
16478920,270,S,39,37.3,476254,1/19/2022,9/30/2022
16478920,271,M,55,54.9,123491,2/18/2022,2/2/2023
16478920,272,XS,24,25.3,654123,1/7/2022,6/19/2023
16478920,273,S,36,35.6,632148,1/11/2022,5/8/2023
16478920,274,XS,18,17.5,125729,4/22/2022,2/16/2023
16478920,275,XS,23,23.6,741354,1/7/2022,1/26/2023
16478920,276,S,45,44.7,741354,6/3/2022,3/31/2023
16478920,277,M,71,71.1,134875,3/16/2022,6/30/2023
16478920,278,S,49,50.7,963258,1/24/2022,6/30/2023
16478920,279,S,34,34.4,476254,3/30/2022,5/19/2023
16478920,280,S,49,49,141023,2/21/2022,6/9/2023
16478920,281,S,34,34.7,345789,1/10/2022,5/29/2023
16478920,282,S,42,43.9,345789,2/24/2022,6/29/2023
16478920,283,M,51,49.8,632148,1/7/2022,4/19/2023
16478920,284,S,46,47,245984,1/19/2022,6/20/2023
16478920,285,XS,23,22.5,134875,3/8/2022,6/21/2023
16478920,286,S,39,39.2,141023,1/5/2022,5/11/2023
16478920,287,M,73,75,982147,1/24/2022,6/28/2023
16478920,288,M,73,75.5,134875,3/31/2022,6/5/2023
16478920,289,S,26,24.7,125689,5/19/2022,5/1/2023
16478920,290,M,65,62.2,345789,2/10/2022,6/20/2023
16478920,291,S,43,41.5,982147,2/23/2022,5/26/2023
16478920,292,S,32,30.9,127843,9/20/2022,6/2/2023
16478920,293,M,69,68.6,134875,1/18/2022,6/29/2023
16478920,294,S,43,42.7,134875,3/10/2022,3/21/2023
16478920,295,S,34,34,134875,1/18/2022,2/21/2023
16478920,296,S,41,39.5,147853,3/11/2022,5/9/2023
16478920,297,S,36,35.9,476254,2/23/2022,4/28/2023
16478920,298,XS,19,17.7,854187,4/5/2022,9/30/2022
16478920,299,S,34,32.8,547812,1/10/2022,4/21/2023
16478920,300,S,42,43.2,125689,1/28/2022,1/19/2023
16478920,301,M,73,75,632148,3/1/2022,6/27/2023
16478920,302,S,38,39.6,963258,2/2/2022,4/10/2023
16478920,303,XS,24,24.4,123654,3/28/2022,10/27/2022
16478920,304,M,67,63.9,654123,1/7/2022,5/2/2023
16478920,305,S,44,44.5,789654,3/8/2022,4/12/2023
16478920,306,M,50,47.9,126234,3/3/2022,3/29/2023
16478920,307,XS,19,19.1,885962,2/1/2022,8/23/2022
16478920,308,M,60,62.9,125689,4/27/2022,6/19/2023
16478920,309,S,30,30.1,456987,5/3/2022,12/21/2022
16478920,310,S,45,46.1,854187,1/27/2022,6/19/2023
16478920,311,S,47,45.9,245984,1/10/2022,5/25/2023
16478920,312,M,70,71.3,683192,2/9/2022,3/22/2023
16478920,313,M,57,54.9,476254,1/18/2022,6/26/2023
16478920,314,M,55,55,885962,3/8/2022,4/6/2023
16478920,315,S,48,46.6,126234,2/21/2022,6/15/2023
16478920,316,L,77,78.9,789654,3/10/2022,6/19/2023
16478920,317,M,59,56.8,547812,2/15/2022,6/14/2023
16478920,318,M,55,57.2,127841,2/11/2022,3/7/2023
16478920,319,M,64,60.4,141023,2/1/2022,6/5/2023
16478920,320,S,43,41.3,258741,2/23/2022,4/7/2023
16478920,321,S,44,43.2,125729,4/20/2022,11/29/2022
16478920,322,M,56,60.1,456987,1/26/2022,4/17/2023
16478920,323,S,45,42.9,456987,6/20/2022,4/3/2023
16478920,324,S,31,32.4,456987,8/29/2022,6/22/2023
16478920,325,S,37,36.3,125689,1/4/2022,5/17/2023
16478920,326,S,42,40.9,982147,2/11/2022,6/22/2023
16478920,327,L,78,75.6,127841,2/17/2022,5/12/2023
16478920,328,S,26,26.8,982147,8/23/2022,6/23/2023
16478920,329,S,47,47.5,147853,1/17/2022,6/20/2023
16478920,330,S,46,46.8,258741,3/8/2022,5/9/2023
16478920,331,XS,18,18.4,127841,2/15/2022,3/10/2023
16478920,332,S,48,46.1,741354,1/28/2022,6/8/2023
16478920,333,M,56,56.1,632148,2/4/2022,2/2/2023
16478920,334,XS,21,21.1,164945,6/20/2022,1/3/2023
16478920,335,S,25,26,134875,4/27/2022,3/13/2023
16478920,336,S,37,36.6,885962,3/30/2022,5/5/2023
16478920,337,S,38,36.7,134875,2/17/2022,6/22/2023
16478920,338,M,52,55.7,854187,1/7/2022,4/13/2023
16478920,339,S,50,49.4,741354,1/10/2022,5/30/2023
16478920,340,M,61,62.5,345789,2/1/2022,6/8/2023
16478920,341,S,47,46.6,141023,1/28/2022,5/30/2023
16478920,342,XS,25,25.4,854187,1/4/2022,1/30/2023
16478920,343,L,90,87.4,963258,1/6/2022,6/27/2023
16478920,344,S,34,33.7,963258,6/10/2022,6/12/2023
16478920,345,S,37,36,654123,5/9/2022,2/24/2023
16478920,346,S,49,50.6,854187,9/23/2022,6/1/2023
16478920,347,S,34,33.7,141023,3/29/2022,6/23/2023
16478920,348,S,44,42.9,789654,2/7/2022,6/7/2023
16478920,349,S,31,32.9,982147,2/7/2022,5/29/2023
16478920,350,S,40,39.8,147853,4/5/2022,4/19/2023
16478920,351,L,80,87.5,125729,1/28/2022,6/28/2023
16478920,352,S,45,45.4,345789,1/18/2022,6/26/2023
16478920,353,S,43,44.1,258741,1/5/2022,6/5/2023
16478920,354,S,37,38,245984,9/26/2022,6/22/2023
16478920,355,S,46,44.6,245984,1/17/2022,5/31/2023
16478920,356,M,54,56.7,141023,3/11/2022,5/18/2023
16478920,357,S,37,36.1,885962,9/6/2022,6/20/2023
16478920,358,M,51,54.8,164945,2/1/2022,4/3/2023
16478920,359,S,38,38.8,123491,3/21/2022,3/27/2023
16478920,360,M,57,57.7,245984,1/4/2022,6/20/2023
16478920,361,S,43,43.8,125729,3/9/2022,6/30/2023
16478920,362,XS,24,23.7,654123,1/31/2022,6/16/2023
16478920,363,M,57,56.5,885962,2/15/2022,4/25/2023
16478920,364,M,54,53.4,789654,4/1/2022,1/5/2023
16478920,365,M,67,65.6,963258,3/18/2022,3/30/2023
16478920,366,M,52,49.8,741354,1/21/2022,5/31/2023
16478920,367,S,42,40.9,654123,1/26/2022,5/22/2023
16478920,368,M,53,51.4,345789,3/15/2022,6/21/2023
16478920,369,S,43,44.9,258741,1/26/2022,4/3/2023
16478920,370,M,59,62.5,245984,1/3/2022,6/6/2023
16478920,371,XS,21,21.3,127841,1/11/2022,3/7/2023
16478920,372,S,28,29.3,963258,1/18/2022,1/13/2023
16478920,373,S,37,37.6,125689,2/7/2022,5/2/2023
16478920,374,L,85,86.6,632148,1/5/2022,4/10/2023
16478920,375,S,49,49,854187,5/3/2022,6/27/2023
16478920,376,S,34,32.2,258741,4/25/2022,6/20/2023
16478920,377,S,38,37.9,456987,4/15/2022,5/24/2023
16478920,378,M,54,55.6,123654,1/11/2022,5/3/2023
16478920,379,S,32,32.7,854187,4/26/2022,6/22/2023
16478920,380,M,51,48.5,632148,4/5/2022,6/20/2023
16478920,381,S,42,40.7,854187,4/29/2022,6/23/2023
16478920,382,S,42,41.8,134875,4/7/2022,4/20/2023
16478920,383,S,31,31.1,126234,4/13/2022,5/11/2023
16478920,384,S,29,30.5,632148,2/8/2022,2/27/2023
16478920,385,S,49,47.3,164945,1/19/2022,5/8/2023
16478920,386,M,55,55.9,258741,2/25/2022,6/28/2023
16478920,387,S,41,41,476254,1/24/2022,4/26/2023
16478920,388,S,48,46.7,982147,6/10/2022,6/28/2023
16478920,389,S,31,29.8,147853,4/19/2022,2/15/2023
16478920,390,M,59,58.9,632148,1/17/2022,6/13/2023
16478920,391,S,33,32.7,147853,6/16/2022,6/23/2023
16478920,392,S,43,42.4,632148,2/14/2022,2/22/2023
16478920,393,L,96,103.9,345789,1/14/2022,6/16/2023
16478920,394,S,27,26,126234,1/5/2022,6/19/2023
16478920,395,XS,19,18.1,127841,1/11/2022,5/1/2023
16478920,396,S,34,34.6,456987,5/17/2022,3/6/2023
16478920,397,S,46,46.4,456987,1/13/2022,6/21/2023
16478920,398,S,43,44.8,125689,2/11/2022,5/5/2023
16478920,399,M,66,66.9,123491,1/6/2022,5/17/2023
16478920,400,M,59,62.7,126234,3/21/2022,5/12/2023
16478920,401,M,59,57.7,345789,1/6/2022,6/13/2023
16478920,402,S,41,39.8,654123,2/1/2022,6/27/2023
16478920,403,S,32,32.8,147853,1/7/2022,1/26/2023
16478920,404,L,77,78.8,476254,2/1/2022,6/23/2023
16478920,405,S,38,36,147853,1/21/2022,6/13/2023
16478920,406,M,51,48.2,123654,1/27/2022,6/19/2023
16478920,407,S,31,32.7,123654,1/4/2022,5/11/2023
16478920,408,M,67,65.6,476254,2/14/2022,6/9/2023
16478920,409,S,33,34.2,982147,1/26/2022,6/27/2023
16478920,410,S,38,36.9,125689,1/25/2022,1/2/2023
16478920,411,S,40,41.5,125689,2/22/2022,4/27/2023
16478920,412,XS,19,19.3,654123,3/3/2022,6/20/2023
16478920,413,S,39,38.2,134875,8/9/2022,6/16/2023
16478920,414,M,54,56.4,885962,2/8/2022,5/19/2023
16478920,415,M,58,61,125689,1/28/2022,3/31/2023
16478920,416,S,30,30.2,963258,3/24/2022,6/13/2023
16478920,417,S,47,45.8,123654,1/11/2022,5/19/2023
16478920,418,S,34,35.4,126234,1/28/2022,1/25/2023
16478920,419,XS,24,24.3,456987,2/21/2022,4/20/2023
16478920,420,S,39,37.5,547812,1/11/2022,4/18/2023
16478920,421,S,34,34.3,885962,2/17/2022,5/11/2023
16478920,422,M,61,60.8,126234,1/5/2022,4/6/2023
16478920,423,S,35,36.7,147853,3/7/2022,1/25/2023
16478920,424,S,47,46.7,123654,1/28/2022,6/30/2023
16478920,425,S,27,26.1,741354,3/25/2022,2/28/2023
16478920,426,S,38,36.6,632148,1/6/2022,5/31/2023
16478920,427,M,59,60.5,345789,3/1/2022,4/21/2023
16478920,428,M,53,54.5,125729,2/4/2022,5/8/2023
16478920,429,S,35,36.5,345789,2/17/2022,3/2/2023
16478920,430,S,41,42.4,123654,1/25/2022,5/18/2023
16478920,431,S,26,26,632148,2/18/2022,6/26/2023
16478920,432,S,41,39.7,456987,2/14/2022,6/6/2023
16478920,433,S,39,39,885962,1/5/2022,6/8/2023
16478920,434,S,37,36.5,741354,2/21/2022,6/26/2023
16478920,435,S,43,42,164945,1/4/2022,3/28/2023
16478920,436,M,58,60.3,123654,1/5/2022,6/22/2023
16478920,437,S,40,39.7,632148,1/24/2022,6/27/2023
16478920,438,M,63,66.5,245984,1/12/2022,5/15/2023
16478920,439,M,56,58.6,125729,1/3/2022,4/21/2023
16478920,440,S,45,45.3,547812,4/22/2022,5/15/2023
16478920,441,M,66,64.8,632148,3/15/2022,4/10/2023
16478920,442,M,52,55.1,683192,4/18/2022,3/30/2023
16478920,443,S,26,27.3,963258,1/24/2022,6/29/2023
16478920,444,M,50,47.5,125729,1/5/2022,6/29/2023
16478920,445,S,41,39.7,123491,2/14/2022,6/8/2023
16478920,446,S,46,45.8,885962,1/12/2022,6/14/2023
16478920,447,S,41,40.9,126234,1/25/2022,6/16/2023
16478920,448,M,53,51,885962,3/22/2022,6/9/2023
16478920,449,M,59,61.4,258741,2/7/2022,6/7/2023
16478920,450,M,51,54.2,683192,1/12/2022,5/9/2023
16478920,451,S,49,47.8,476254,1/11/2022,1/31/2023
16478920,452,S,47,47.4,127841,5/10/2022,5/16/2023
16478920,453,L,79,85.8,147853,1/6/2022,6/13/2023
16478920,454,S,33,32.2,854187,2/15/2022,6/27/2023
16478920,455,S,41,40.6,854187,1/25/2022,6/8/2023
16478920,456,XS,16,15.6,456987,8/15/2022,6/26/2023
16478920,457,M,67,70.3,885962,2/17/2022,4/21/2023
16478920,458,S,45,44.1,789654,3/18/2022,6/28/2023
16478920,459,L,95,88.5,741354,1/14/2022,6/13/2023
16478920,460,S,45,43.5,126234,3/23/2022,5/18/2023
16478920,461,S,38,38.3,125689,4/13/2022,6/29/2023
16478920,462,S,46,44.4,982147,3/10/2022,6/30/2023
16478920,463,S,41,42.8,476254,2/24/2022,6/1/2023
16478920,464,S,37,38.1,127841,4/29/2022,4/26/2023
16478920,465,L,80,86.5,125729,1/26/2022,2/1/2023
16478920,466,S,49,47.3,127843,1/19/2022,5/5/2023
16478920,467,M,66,68.9,885962,4/21/2022,6/30/2023
16478920,468,M,53,54.8,123654,6/8/2022,2/9/2023
16478920,469,S,46,44.7,245984,3/16/2022,6/30/2023
16478920,470,S,33,31.6,127841,6/28/2022,5/31/2023
16478920,471,M,56,56.1,885962,1/4/2022,5/1/2023
16478920,472,S,36,35.3,127843,3/25/2022,6/19/2023
16478920,473,M,61,57.2,127841,1/20/2022,6/28/2023
16478920,474,S,33,32.4,741354,3/7/2022,6/29/2023
16478920,475,S,31,32.1,141023,4/6/2022,3/22/2023
16478920,476,S,38,38.5,654123,3/10/2022,3/2/2023
16478920,477,S,42,43.1,258741,1/3/2022,6/29/2023
16478920,478,S,40,40.1,741354,1/19/2022,6/8/2023
16478920,479,XS,24,24.5,164945,3/23/2022,5/10/2023
16478920,480,S,42,43,134875,4/15/2022,6/23/2023
16478920,481,S,44,43.6,141023,3/31/2022,6/9/2023
16478920,482,M,65,61.8,141023,1/3/2022,5/10/2023
16478920,483,S,26,24.1,147853,1/31/2022,5/10/2023
16478920,484,M,59,56.4,126234,2/3/2022,3/24/2023
16478920,485,M,60,61.6,683192,1/24/2022,2/23/2023
16478920,486,S,49,49.4,963258,1/14/2022,6/28/2023
16478920,487,S,44,45.1,741354,2/1/2022,6/20/2023
16478920,488,M,55,58.8,141023,1/21/2022,4/12/2023
16478920,489,XS,23,24.1,885962,1/11/2022,6/8/2023
16478920,490,S,35,33.7,547812,2/9/2022,6/28/2023
16478920,491,S,35,35.5,141023,5/3/2022,6/26/2023
16478920,492,M,65,64.1,683192,2/11/2022,4/7/2023
16478920,493,S,42,44.1,789654,1/3/2022,6/23/2023
16478920,494,M,55,56.4,127841,2/16/2022,5/11/2023
16478920,495,M,53,51,147853,1/3/2022,5/1/2023
16478920,496,S,39,38.1,127841,1/27/2022,6/7/2023
16478920,497,XS,24,23,127843,4/4/2022,5/25/2023
16478920,498,S,37,36.3,345789,10/6/2022,6/8/2023
16478920,499,S,30,31.1,245984,1/31/2022,12/14/2022
16478920,500,S,41,42.7,683192,3/11/2022,6/27/2023
16478920,501,S,35,33.9,134875,1/7/2022,5/29/2023
16478920,502,S,36,37.5,125689,2/2/2022,6/13/2023
16478920,503,M,53,50.2,683192,2/11/2022,6/2/2023
16478920,504,S,44,42.9,127843,1/4/2022,4/25/2023
16478920,505,M,61,62.9,854187,2/10/2022,6/8/2023
16478920,506,S,29,29.2,476254,1/31/2022,2/21/2023
16478920,507,S,42,42.2,741354,1/13/2022,6/23/2023
16478920,508,M,70,67,125689,3/8/2022,4/21/2023
16478920,509,M,58,56.1,741354,1/6/2022,6/21/2023
16478920,510,S,34,35.9,125689,1/6/2022,6/6/2023
16478920,511,L,88,90.5,134875,2/17/2022,6/7/2023
16478920,512,S,48,47.4,126234,1/7/2022,5/18/2023
16478920,513,S,43,42.1,123654,1/3/2022,12/27/2022
16478920,514,S,49,47.8,125689,1/27/2022,6/19/2023
16478920,515,S,49,49.7,245984,1/26/2022,6/6/2023
16478920,516,M,63,59,125729,2/3/2022,6/12/2023
16478920,517,S,35,34.7,963258,2/24/2022,4/19/2023
16478920,518,M,68,67.6,127841,2/3/2022,3/3/2023
16478920,519,M,55,53.9,885962,1/5/2022,4/28/2023
16478920,520,M,70,70.3,885962,4/15/2022,6/16/2023
16478920,521,XS,12,12.8,789654,2/22/2022,5/25/2023
16478920,522,S,48,48.4,885962,1/21/2022,6/6/2023
16478920,523,S,39,40.7,127841,1/27/2022,6/26/2023
16478920,524,M,65,67.5,683192,3/2/2022,6/15/2023
16478920,525,S,43,45,123491,2/7/2022,6/6/2023
16478920,526,M,67,70.7,456987,2/8/2022,5/9/2023
16478920,527,S,34,35.5,258741,2/4/2022,6/16/2023
16478920,528,L,88,93.2,127843,1/21/2022,6/20/2023
16478920,529,M,68,70,258741,1/19/2022,4/20/2023
16478920,530,M,62,60.4,345789,2/9/2022,6/20/2023
16478920,531,S,48,46.6,456987,1/18/2022,6/1/2023
16478920,532,M,55,56,147853,1/4/2022,6/28/2023
16478920,533,S,41,42,123654,1/6/2022,5/29/2023
16478920,534,S,40,41.8,258741,1/14/2022,9/7/2022
16478920,535,M,67,64.9,683192,3/3/2022,6/8/2023
16478920,536,S,27,27.5,741354,2/2/2022,6/21/2023
16478920,537,S,27,29.1,854187,2/4/2022,5/22/2023
16478920,538,M,55,58,258741,1/26/2022,4/3/2023
16478920,539,S,47,47.5,127843,4/6/2022,5/23/2023
16478920,540,S,42,42.9,854187,1/19/2022,2/17/2023
16478920,541,M,51,53.7,885962,5/6/2022,6/30/2023
16478920,542,M,63,63.4,127843,1/12/2022,5/31/2023
16478920,543,S,29,30.5,885962,2/14/2022,10/7/2022
16478920,544,M,58,60.8,123491,2/14/2022,6/8/2023
16478920,545,S,33,31.2,632148,5/18/2022,6/16/2023
16478920,546,S,35,35,245984,2/1/2022,5/19/2023
16478920,547,M,51,48.7,164945,2/24/2022,5/1/2023
16478920,548,S,47,45.5,632148,4/7/2022,5/24/2023
16478920,549,S,39,37.6,258741,5/9/2022,5/31/2023
16478920,550,S,32,33.6,741354,3/31/2022,5/19/2023
16478920,551,M,52,53,547812,1/26/2022,5/31/2023
16478920,552,M,53,54.6,127843,1/14/2022,6/2/2023
16478920,553,M,69,69.2,683192,1/24/2022,6/29/2023
16478920,554,S,41,41.9,854187,2/28/2022,6/20/2023
16478920,555,XS,18,16.7,125729,7/14/2022,5/25/2023
16478920,556,M,63,66.2,345789,2/10/2022,6/22/2023
16478920,557,L,90,97.1,885962,1/24/2022,6/9/2023
16478920,558,XS,15,14.7,547812,1/6/2022,7/22/2022
16478920,559,XS,15,16.4,982147,3/1/2022,8/17/2022
16478920,560,M,70,69.2,127841,1/27/2022,6/13/2023
16478920,561,S,42,42.7,126234,1/6/2022,6/5/2023
16478920,562,S,47,47.2,456987,1/17/2022,4/7/2023
16478920,563,M,72,71.6,125729,2/1/2022,5/15/2023
16478920,564,S,34,33.3,125689,2/21/2022,4/25/2023
16478920,565,S,46,47.8,141023,1/3/2022,5/9/2023
16478920,566,S,41,39.8,789654,3/2/2022,5/3/2023
16478920,567,S,40,39.4,547812,2/8/2022,5/30/2023
16478920,568,S,40,39.6,854187,3/14/2022,4/21/2023
16478920,569,L,98,97.6,147853,3/2/2022,5/24/2023
16478920,570,S,39,38.6,456987,1/20/2022,4/18/2023
16478920,571,M,74,72.5,345789,1/5/2022,6/29/2023
16478920,572,S,33,31.7,125689,1/12/2022,4/18/2023
16478920,573,S,37,35.6,982147,1/21/2022,5/22/2023
16478920,574,S,38,38.7,125689,1/28/2022,5/3/2023
16478920,575,S,49,47.7,654123,1/20/2022,2/15/2023
16478920,576,S,38,36.4,683192,2/10/2022,5/1/2023
16478920,577,S,46,46,127843,2/25/2022,5/9/2023
16478920,578,S,39,39.6,123654,2/25/2022,3/8/2023
16478920,579,S,46,47.3,456987,3/15/2022,6/26/2023
16478920,580,S,37,35.2,134875,3/31/2022,5/19/2023
16478920,581,M,58,54.4,741354,3/22/2022,4/27/2023
16478920,582,S,41,41,476254,2/18/2022,4/14/2023
16478920,583,M,54,53.1,854187,1/6/2022,6/7/2023
16478920,584,S,41,41.7,134875,1/28/2022,5/16/2023
16478920,585,S,28,26.3,164945,2/17/2022,4/17/2023
16478920,586,S,37,35,125689,2/23/2022,5/25/2023
16478920,587,XS,24,23.5,258741,2/11/2022,4/18/2023
16478920,588,S,46,44.1,476254,3/2/2022,3/13/2023
16478920,589,XS,23,22,476254,11/9/2022,5/8/2023
16478920,590,S,38,39.7,683192,4/19/2022,6/1/2023
16478920,591,S,35,32.9,963258,2/23/2022,6/7/2023
16478920,592,M,70,66.8,127841,3/16/2022,6/12/2023
16478920,593,XS,23,21.9,854187,1/28/2022,6/5/2023
16478920,594,M,72,73.3,134875,1/12/2022,6/7/2023
16478920,595,S,38,39.1,125729,1/24/2022,4/6/2023
16478920,596,M,58,56,147853,1/27/2022,6/28/2023
16478920,597,M,66,65,789654,2/3/2022,5/15/2023
16478920,598,S,42,40.3,854187,1/28/2022,2/17/2023
16478920,599,L,77,84,126234,3/14/2022,5/15/2023
16478920,600,S,31,31.9,632148,3/29/2022,4/25/2023
16478920,601,S,48,47.2,127843,4/5/2022,6/15/2023
16478920,602,S,32,31.4,127841,1/7/2022,5/10/2023
16478920,603,XS,24,23.1,654123,5/23/2022,2/27/2023
16478920,604,S,48,47.3,632148,5/3/2022,5/29/2023
16478920,605,S,42,41.3,123654,1/3/2022,3/22/2023
16478920,606,S,43,43.7,125729,2/4/2022,6/26/2023
16478920,607,S,26,24.4,654123,3/7/2022,6/16/2023
16478920,608,S,48,46.6,741354,3/23/2022,6/26/2023
16478920,609,S,37,36.3,164945,2/24/2022,5/4/2023
16478920,610,M,72,72.3,654123,1/21/2022,6/9/2023
16478920,611,M,52,48.8,245984,1/10/2022,6/26/2023
16478920,612,XS,24,23.8,345789,2/2/2022,6/27/2023
16478920,613,S,36,37.6,123654,3/31/2022,5/10/2023
16478920,614,S,39,38.5,164945,4/6/2022,6/26/2023
16478920,615,M,51,52.5,789654,2/22/2022,6/30/2023
16478920,616,S,50,51.1,789654,1/20/2022,6/15/2023
16478920,617,M,62,62.5,982147,1/12/2022,5/16/2023
16478920,618,M,60,58.1,885962,2/18/2022,6/15/2023
16478920,619,L,78,75.8,127841,2/15/2022,6/21/2023
16478920,620,M,69,66.8,654123,2/3/2022,5/9/2023
16478920,621,S,38,37.6,982147,1/27/2022,6/22/2023
16478920,622,S,39,37.8,127841,3/2/2022,6/29/2023
16478920,623,S,41,39.3,125729,1/14/2022,3/27/2023
16478920,624,S,47,46.8,982147,3/17/2022,6/19/2023
16478920,625,M,61,58.9,147853,2/24/2022,6/23/2023
16478920,626,S,48,47.8,683192,4/18/2022,5/24/2023
16478920,627,S,38,39.8,141023,4/6/2022,5/30/2023
16478920,628,S,37,38.9,476254,3/8/2022,5/23/2023
16478920,629,S,40,39.2,741354,1/11/2022,10/12/2022
16478920,630,S,28,27.4,123654,2/8/2022,3/20/2023
16478920,631,M,55,54.4,125729,4/27/2022,6/28/2023
16478920,632,S,40,39.9,741354,2/9/2022,1/16/2023
16478920,633,S,43,41.6,654123,1/5/2022,5/1/2023
16478920,634,M,56,59.4,141023,3/4/2022,2/17/2023
16478920,635,S,32,32.8,147853,1/17/2022,5/23/2023
16478920,636,M,66,65,125729,1/7/2022,6/29/2023
16478920,637,S,27,27.1,125729,2/7/2022,2/9/2023
16478920,638,M,61,61.4,125729,3/4/2022,6/28/2023
16478920,639,M,65,62.6,963258,2/15/2022,5/23/2023
16478920,640,S,46,47.1,147853,1/10/2022,3/7/2023
16478920,641,S,33,34.6,683192,4/19/2022,5/15/2023
16478920,642,XS,22,23.1,126234,1/14/2022,1/20/2023
16478920,643,S,34,32.5,789654,6/1/2022,6/13/2023
16478920,644,XS,20,21.2,164945,1/19/2022,6/21/2023
16478920,645,S,32,31.7,547812,1/3/2022,2/15/2023
16478920,646,M,57,57.6,885962,1/10/2022,6/27/2023
16478920,647,S,40,39,127841,2/14/2022,4/3/2023
16478920,648,XS,25,24.2,147853,1/18/2022,5/16/2023
16478920,649,M,62,59.2,854187,2/4/2022,6/30/2023
16478920,650,S,26,26.7,345789,7/8/2022,3/22/2023
16478920,651,S,43,42.6,345789,1/5/2022,6/16/2023
16478920,652,S,49,47,125689,1/19/2022,6/16/2023
16478920,653,S,48,48.4,654123,2/11/2022,4/12/2023
16478920,654,S,45,43.2,683192,2/15/2022,5/25/2023
16478920,655,S,46,44.2,141023,1/4/2022,5/4/2023
16478920,656,M,57,55.9,123491,2/25/2022,5/12/2023
16478920,657,M,66,62.9,245984,1/13/2022,5/16/2023
16478920,658,S,41,40.5,982147,1/31/2022,6/12/2023
16478920,659,M,60,58.5,127843,1/17/2022,4/13/2023
16478920,660,M,58,55.9,963258,2/25/2022,6/28/2023
16478920,661,XS,10,9.2,123654,3/2/2022,12/14/2022
16478920,662,M,74,71.5,127843,3/2/2022,6/22/2023
16478920,663,XS,24,23.2,885962,4/8/2022,5/22/2023
16478920,664,S,49,48.3,854187,5/10/2022,5/2/2023
16478920,665,L,88,80.8,632148,1/14/2022,5/29/2023
16478920,666,M,51,49.5,127841,2/21/2022,3/31/2023
16478920,667,S,36,34.2,547812,2/3/2022,5/26/2023
16478920,668,S,39,38.3,147853,4/20/2022,6/27/2023
16478920,669,M,68,66.7,127843,5/16/2022,6/30/2023
16478920,670,S,49,47.5,245984,3/14/2022,6/1/2023
16478920,671,M,67,67.7,127841,1/11/2022,5/1/2023
16478920,672,S,33,32.2,123654,6/1/2022,4/17/2023
16478920,673,M,54,50.7,632148,7/13/2022,6/8/2023
16478920,674,S,29,31,654123,1/17/2022,5/8/2023
16478920,675,M,53,57.1,127841,1/18/2022,6/5/2023
16478920,676,S,38,39.9,547812,4/6/2022,5/1/2023
16478920,677,S,27,25.2,982147,5/31/2022,6/21/2023
16478920,678,M,58,55.3,476254,1/20/2022,5/18/2023
16478920,679,S,39,39.2,854187,7/20/2022,5/18/2023
16478920,680,M,61,60.6,345789,1/28/2022,5/10/2023
16478920,681,M,68,67.4,476254,1/6/2022,6/1/2023
16478920,682,S,47,48.9,345789,1/13/2022,5/31/2023
16478920,683,M,66,67.6,632148,1/25/2022,3/3/2023
16478920,684,S,42,40.9,741354,1/7/2022,12/9/2022
16478920,685,S,41,39.8,885962,1/26/2022,6/19/2023
16478920,686,S,43,42.7,683192,1/20/2022,3/14/2023
16478920,687,M,50,52.9,963258,1/17/2022,6/27/2023
16478920,688,M,62,62.4,134875,2/22/2022,4/14/2023
16478920,689,M,50,49.1,127843,3/25/2022,4/17/2023
16478920,690,M,56,52.2,126234,1/10/2022,6/16/2023
16478920,691,M,60,58.5,123491,1/20/2022,6/8/2023
16478920,692,S,29,27.5,134875,3/25/2022,2/14/2023
16478920,693,S,28,27.8,547812,3/3/2022,6/12/2023
16478920,694,S,37,35.6,125729,1/14/2022,5/17/2023
16478920,695,S,41,40.1,123654,3/23/2022,3/2/2023
16478920,696,S,45,44,476254,1/10/2022,6/14/2023
16478920,697,M,52,55.1,547812,2/25/2022,5/23/2023
16478920,698,S,33,32.7,126234,2/10/2022,5/4/2023
16478920,699,S,35,33.7,123491,10/10/2022,5/19/2023
16478920,700,S,34,35.6,854187,2/16/2022,5/30/2023
16478920,701,S,38,36.6,125689,2/3/2022,4/27/2023
16478920,702,S,37,37.6,258741,2/16/2022,5/29/2023
16478920,703,S,33,34.2,245984,2/9/2022,4/11/2023
16478920,704,XS,22,22,258741,5/9/2022,5/23/2023
16478920,705,M,51,53.7,683192,1/14/2022,6/28/2023
16478920,706,S,35,36,741354,4/28/2022,4/26/2023
16478920,707,S,38,36.4,123654,3/9/2022,6/12/2023
16478920,708,M,59,56.9,245984,2/23/2022,6/26/2023
16478920,709,S,32,30.4,141023,1/31/2022,3/27/2023
16478920,710,XS,15,14.2,134875,6/7/2022,1/31/2023
16478920,711,S,35,33.9,164945,3/15/2022,5/19/2023
16478920,712,S,32,31.2,741354,1/7/2022,5/30/2023
16478920,713,M,60,62.7,134875,1/3/2022,6/15/2023
16478920,714,M,67,65.4,134875,1/19/2022,6/14/2023
16478920,715,M,52,54.6,123654,1/5/2022,4/14/2023
16478920,716,M,52,48.6,683192,3/24/2022,6/1/2023
16478920,717,S,41,42,123491,2/1/2022,6/19/2023
16478920,718,M,51,49,741354,2/3/2022,4/27/2023
16478920,719,XS,24,24,683192,2/1/2022,4/18/2023
16478920,720,S,43,43.5,127841,2/28/2022,6/28/2023
16478920,721,S,33,33.2,345789,3/22/2022,6/23/2023
16478920,722,S,37,37.3,134875,1/17/2022,5/16/2023
16478920,723,S,40,40.3,741354,2/4/2022,6/2/2023
16478920,724,S,47,45.2,123654,3/25/2022,6/27/2023
16478920,725,S,41,39.6,123491,3/31/2022,6/21/2023
16478920,726,S,25,25.1,547812,1/11/2022,6/22/2023
16478920,727,M,52,50.2,476254,1/27/2022,6/29/2023
16478920,728,L,77,71.7,476254,1/14/2022,3/20/2023
16478920,729,S,46,47.3,125689,1/17/2022,4/24/2023
16478920,730,M,51,48.3,345789,1/20/2022,6/19/2023
16478920,731,S,30,31.7,126234,2/9/2022,9/23/2022
16478920,732,S,40,42,854187,1/5/2022,6/28/2023
16478920,733,XS,6,7,127841,2/21/2022,2/27/2023
16478920,734,S,36,37.1,476254,10/7/2022,6/1/2023
16478920,735,S,41,41.1,476254,4/4/2022,6/26/2023
16478920,736,S,30,29.7,141023,1/17/2022,2/1/2023
16478920,737,S,45,45.1,456987,3/17/2022,6/15/2023
16478920,738,M,68,66.4,134875,1/13/2022,5/24/2023
16478920,739,M,52,54.9,345789,3/22/2022,6/28/2023
16478920,740,M,61,59.7,123654,1/14/2022,5/2/2023
16478920,741,M,65,65.5,127843,4/13/2022,4/10/2023
16478920,742,M,56,57.6,456987,1/13/2022,3/30/2023
16478920,743,M,50,53.2,476254,1/26/2022,6/7/2023
16478920,744,S,41,39.7,456987,1/21/2022,5/23/2023
16478920,745,S,46,47.2,683192,2/7/2022,5/18/2023
16478920,746,S,35,33.3,683192,3/21/2022,5/8/2023
16478920,747,XS,10,11.3,127843,11/30/2022,4/24/2023
16478920,748,M,57,55.7,134875,1/5/2022,5/4/2023
16478920,749,S,39,38.3,456987,2/4/2022,6/23/2023
16478920,750,M,68,68.1,654123,1/11/2022,6/9/2023
16478920,751,S,32,31.4,476254,1/3/2022,5/4/2023
16478920,752,M,61,62.9,147853,4/13/2022,6/16/2023
16478920,753,S,38,37.4,547812,1/11/2022,6/14/2023
16478920,754,L,83,76,632148,1/11/2022,6/22/2023
16478920,755,M,57,55.7,963258,1/11/2022,6/15/2023
16478920,756,M,70,68.9,127843,2/17/2022,4/11/2023
16478920,757,S,30,28.8,245984,3/7/2022,5/2/2023
16478920,758,S,32,32.6,982147,2/11/2022,6/15/2023
16478920,759,M,62,62.3,982147,2/4/2022,6/20/2023
16478920,760,S,46,46.4,125689,1/13/2022,5/29/2023
16478920,761,M,58,59.8,982147,1/4/2022,5/22/2023
16478920,762,XS,19,19.4,456987,3/8/2022,6/29/2023
16478920,763,M,65,67.5,476254,2/18/2022,6/9/2023
16478920,764,M,57,57.6,654123,1/3/2022,5/16/2023
16478920,765,S,33,31.7,683192,1/7/2022,4/10/2023
16478920,766,L,81,79.9,476254,2/9/2022,6/21/2023
16478920,767,S,48,47.3,125729,1/3/2022,1/23/2023
16478920,768,M,73,70.5,126234,2/10/2022,5/19/2023
16478920,769,S,39,40.3,258741,4/15/2022,6/23/2023
16478920,770,S,31,32.4,127843,1/5/2022,3/22/2023
16478920,771,M,51,53.7,123491,1/13/2022,6/8/2023
16478920,772,S,40,39.9,683192,2/7/2022,4/13/2023
16478920,773,M,53,49.2,632148,1/3/2022,3/10/2023
16478920,774,S,31,32.3,982147,2/4/2022,3/3/2023
16478920,775,M,63,63.5,476254,3/4/2022,3/27/2023
16478920,776,M,50,47.7,123491,1/7/2022,3/21/2023
16478920,777,S,29,28,963258,8/9/2022,6/20/2023
16478920,778,L,86,85.1,963258,2/7/2022,6/23/2023
16478920,779,S,49,50.9,123654,4/14/2022,6/13/2023
16478920,780,S,42,40.1,683192,3/14/2022,6/16/2023
16478920,781,M,54,53,164945,2/17/2022,5/12/2023
16478920,782,S,45,43.3,547812,2/28/2022,4/25/2023
16478920,783,S,44,43,854187,1/27/2022,3/17/2023
16478920,784,M,65,61.8,456987,2/9/2022,6/6/2023
16478920,785,S,41,42.2,982147,5/12/2022,6/5/2023
16478920,786,S,33,31.3,126234,3/16/2022,5/19/2023
16478920,787,M,63,60.6,245984,3/1/2022,6/6/2023
16478920,788,M,53,50.1,245984,2/21/2022,5/15/2023
16478920,789,M,51,50.3,654123,6/10/2022,6/14/2023
16478920,790,L,86,87.6,963258,2/7/2022,6/30/2023
16478920,791,S,39,38.9,963258,3/16/2022,3/31/2023
16478920,792,S,50,50.8,476254,2/2/2022,6/29/2023
16478920,793,S,45,43,345789,3/7/2022,4/5/2023
16478920,794,S,32,32.3,125729,1/6/2022,6/30/2023
16478920,795,S,34,35.5,982147,1/17/2022,6/9/2023
16478920,796,S,39,37.9,683192,1/11/2022,2/23/2023
16478920,797,M,71,73.8,963258,1/14/2022,5/17/2023
16478920,798,M,51,47.9,126234,3/3/2022,4/14/2023
16478920,799,S,37,35.9,547812,3/4/2022,6/21/2023
16478920,800,S,30,32,741354,1/12/2022,5/25/2023
16478920,801,M,52,48.7,982147,3/4/2022,12/19/2022
16478920,802,S,38,38.5,123491,5/27/2022,6/12/2023
16478920,803,M,52,54.5,854187,3/25/2022,5/18/2023
16478920,804,XS,15,15.4,245984,8/22/2022,5/29/2023
16478920,805,S,40,40.9,789654,2/8/2022,3/14/2023
16478920,806,XS,22,22.8,476254,4/1/2022,4/19/2023
16478920,807,XS,25,24.8,134875,5/11/2022,11/28/2022
16478920,808,XS,25,24.7,885962,1/27/2022,1/4/2023
16478920,809,S,46,45.2,258741,1/3/2022,5/9/2023
16478920,810,XS,14,14.6,632148,1/19/2022,5/30/2023
16478920,811,S,33,33.4,789654,1/11/2022,5/10/2023
16478920,812,S,35,33.8,654123,3/10/2022,5/31/2023
16478920,813,M,54,54.9,123654,2/22/2022,6/19/2023
16478920,814,S,34,32.9,885962,1/14/2022,2/16/2023
16478920,815,M,67,70.7,125729,1/5/2022,6/7/2023
16478920,816,S,34,33.8,854187,1/17/2022,4/14/2023
16478920,817,M,72,71.9,547812,1/11/2022,6/26/2023
16478920,818,M,64,63.3,654123,3/21/2022,6/30/2023
16478920,819,S,35,35.9,632148,4/22/2022,5/9/2023
16478920,820,L,78,72.6,245984,2/23/2022,6/22/2023
16478920,821,S,49,50,547812,1/17/2022,6/22/2023
16478920,822,S,48,47.7,258741,1/20/2022,3/31/2023
16478920,823,S,42,42.5,164945,3/4/2022,11/23/2022
16478920,824,S,39,40.3,245984,2/4/2022,6/26/2023
16478920,825,S,38,39.7,683192,2/2/2022,6/12/2023
16478920,826,S,48,46.7,741354,1/27/2022,4/5/2023
16478920,827,S,41,39.9,125729,3/17/2022,6/28/2023
16478920,828,M,55,58.6,125729,1/25/2022,5/22/2023
16478920,829,S,45,45.5,683192,6/14/2022,6/13/2023
16478920,830,S,46,47,141023,2/24/2022,6/27/2023
16478920,831,S,26,25.2,683192,2/3/2022,6/26/2023
16478920,832,L,76,82.8,127841,1/21/2022,3/1/2023
16478920,833,S,48,46.3,683192,3/11/2022,6/30/2023
16478920,834,M,57,55.5,654123,2/15/2022,4/27/2023
16478920,835,XS,17,17.3,127841,11/15/2022,3/28/2023
16478920,836,S,40,41.6,134875,1/12/2022,4/17/2023
16478920,837,L,86,91.4,123491,2/28/2022,6/12/2023
16478920,838,S,27,28.1,963258,2/11/2022,6/6/2023
16478920,839,S,44,45.8,885962,2/22/2022,6/30/2023
16478920,840,S,34,34.1,654123,1/17/2022,5/8/2023
16478920,841,S,40,38.1,654123,5/6/2022,12/8/2022
16478920,842,S,29,27.4,456987,6/23/2022,6/2/2023
16478920,843,S,49,49.4,632148,1/19/2022,5/5/2023
16478920,844,S,32,32.7,258741,1/25/2022,6/8/2023
16478920,845,S,45,46.3,125729,1/24/2022,4/28/2023
16478920,846,M,50,50.9,632148,3/22/2022,5/29/2023
16478920,847,S,49,50.2,982147,4/7/2022,6/8/2023
16478920,848,M,59,60.5,654123,2/23/2022,6/22/2023
16478920,849,S,35,35,127843,3/1/2022,4/20/2023
16478920,850,M,70,66.3,125729,2/4/2022,6/1/2023
16478920,851,M,67,66.7,141023,2/24/2022,6/14/2023
16478920,852,S,33,33.2,982147,5/6/2022,6/23/2023
16478920,853,M,55,57.4,963258,1/13/2022,6/23/2023
16478920,854,M,57,53.2,741354,1/27/2022,6/29/2023
16478920,855,S,32,32.9,125689,1/24/2022,4/21/2023
16478920,856,M,62,61.9,245984,2/8/2022,4/5/2023
16478920,857,L,89,84.3,126234,1/28/2022,4/21/2023
16478920,858,S,33,33.1,345789,4/21/2022,4/14/2023
16478920,859,S,39,40.5,258741,1/11/2022,6/16/2023
16478920,860,M,53,52.3,963258,1/4/2022,4/18/2023
16478920,861,M,64,64.5,126234,2/2/2022,6/28/2023
16478920,862,S,39,40.7,141023,4/1/2022,5/25/2023
16478920,863,XS,25,25,127841,4/14/2022,6/16/2023
16478920,864,S,49,50.5,125729,1/31/2022,4/5/2023
16478920,865,M,62,65.2,741354,1/28/2022,4/28/2023
16478920,866,S,37,38.2,245984,1/25/2022,5/22/2023
16478920,867,M,52,51.7,683192,1/25/2022,4/7/2023
16478920,868,M,62,64.9,632148,3/10/2022,6/15/2023
16478920,869,M,54,52,654123,1/28/2022,5/17/2023
16478920,870,S,30,30.8,126234,3/1/2022,5/12/2023
16478920,871,XS,18,17.8,126234,3/15/2022,1/26/2023
16478920,872,S,36,35.4,125729,3/28/2022,2/22/2023
16478920,873,M,69,66.8,741354,1/7/2022,6/6/2023
16478920,874,S,38,37.7,854187,3/17/2022,12/16/2022
16478920,875,S,38,39.2,126234,1/14/2022,2/24/2023
16478920,876,M,53,54.8,654123,1/13/2022,5/16/2023
16478920,877,M,56,54.3,147853,1/13/2022,6/13/2023
16478920,878,L,91,89.8,345789,1/5/2022,5/9/2023
16478920,879,XS,24,23.4,125689,1/24/2023,6/16/2023
16478920,880,M,58,54.3,456987,3/22/2022,6/12/2023
16478920,881,S,42,40.6,456987,2/15/2022,4/14/2023
16478920,882,M,61,62.8,683192,1/18/2022,5/15/2023
16478920,883,M,52,54.9,854187,2/1/2022,5/5/2023
16478920,884,S,45,44.5,345789,3/22/2022,1/24/2023
16478920,885,S,29,27.2,963258,1/10/2022,4/10/2023
16478920,886,S,41,41.8,632148,4/15/2022,6/15/2023
16478920,887,M,69,66.5,456987,3/3/2022,4/17/2023
16478920,888,S,43,42.2,134875,3/10/2022,6/12/2023
16478920,889,S,39,37.9,476254,1/13/2022,4/20/2023
16478920,890,M,51,49.9,147853,1/13/2022,6/6/2023
16478920,891,S,35,35.7,127843,2/28/2022,6/20/2023
16478920,892,L,93,90.4,632148,1/10/2022,5/22/2023
16478920,893,S,50,47.9,683192,2/14/2022,5/1/2023
16478920,894,S,38,37.2,147853,1/17/2022,6/13/2023
16478920,895,M,62,61.5,126234,2/14/2022,5/18/2023
16478920,896,S,25,23.9,245984,4/20/2022,6/5/2023
16478920,897,S,45,46.9,134875,5/19/2022,4/6/2023
16478920,898,M,58,60.7,345789,4/4/2022,5/26/2023
16478920,899,S,41,39.6,547812,1/14/2022,5/25/2023
16478920,900,S,35,35.6,982147,4/22/2022,4/11/2023
16478920,901,M,59,55.9,125689,1/21/2022,6/19/2023
16478920,902,M,64,63.4,134875,1/10/2022,5/9/2023
16478920,903,S,40,39.8,632148,3/10/2022,6/28/2023
16478920,904,S,45,46.4,885962,1/7/2022,5/25/2023
16478920,905,M,55,57,963258,1/18/2022,12/1/2022
16478920,906,S,27,26.6,123491,7/13/2022,5/5/2023
16478920,907,M,57,54.6,547812,4/27/2022,6/30/2023
16478920,908,S,48,46.7,123654,2/8/2022,6/13/2023
16478920,909,S,47,47.8,123491,1/27/2022,2/14/2023
16478920,910,L,78,74.3,683192,2/8/2022,6/13/2023
16478920,911,S,28,27.2,127843,5/10/2022,6/14/2023
16478920,912,S,28,27.1,123654,1/19/2022,4/10/2023
16478920,913,S,45,44.5,789654,1/21/2022,3/3/2023
16478920,914,XS,5,4.6,476254,8/22/2022,8/30/2022
16478920,915,M,51,49.7,125689,3/3/2022,6/7/2023
16478920,916,S,46,44.5,125689,1/6/2022,6/8/2023
16478920,917,M,72,72.1,885962,1/18/2022,5/31/2023
16478920,918,M,62,65.7,123654,1/6/2022,6/13/2023
16478920,919,S,44,45.6,345789,1/19/2022,6/30/2023
16478920,920,M,61,63.4,982147,2/22/2022,6/23/2023
16478920,921,S,34,33.5,164945,3/28/2022,3/15/2023
16478920,922,S,36,37.5,125729,1/6/2022,3/31/2023
16478920,923,M,58,56.5,654123,1/25/2022,6/29/2023
16478920,924,S,28,27.2,141023,5/18/2022,2/8/2023
16478920,925,M,64,61.1,854187,6/14/2022,5/23/2023
16478920,926,M,72,72.1,123654,1/12/2022,6/12/2023
16478920,927,M,63,66.5,345789,6/17/2022,6/29/2023
16478920,928,S,46,43.9,683192,1/4/2022,6/20/2023
16478920,929,M,66,62.7,141023,2/25/2022,6/22/2023
16478920,930,S,30,28.7,258741,1/21/2022,1/3/2023
16478920,931,S,35,35.6,125729,1/12/2022,5/5/2023
16478920,932,S,48,49.7,683192,7/19/2022,4/19/2023
16478920,933,M,58,56.2,123654,2/3/2022,5/22/2023
16478920,934,S,41,40.7,164945,2/10/2022,6/21/2023
16478920,935,S,44,42.1,123654,4/11/2022,6/13/2023
16478920,936,S,44,43.2,456987,3/9/2022,5/3/2023
16478920,937,S,43,43.7,789654,1/14/2022,4/13/2023
16478920,938,S,43,43.9,127841,1/4/2022,12/21/2022
16478920,939,S,38,37.8,147853,1/26/2022,2/3/2023
16478920,940,M,61,58.2,476254,1/18/2022,6/12/2023
16478920,941,S,37,35.7,741354,3/9/2022,6/16/2023
16478920,942,S,41,40.4,127843,2/3/2022,6/2/2023
16478920,943,S,38,36.1,654123,1/3/2022,5/3/2023
16478920,944,S,41,39.1,125689,2/3/2022,5/8/2023
16478920,945,XS,16,16.3,547812,7/7/2022,5/15/2023
16478920,946,S,26,27.6,164945,1/4/2022,6/14/2023
16478920,947,S,30,28.3,123491,1/24/2022,5/31/2023
16478920,948,M,59,58.1,854187,5/26/2022,5/4/2023
16478920,949,S,25,25.3,654123,1/21/2022,2/10/2023
16478920,950,S,25,23.2,654123,2/23/2022,5/2/2023
16478920,951,M,58,57.5,885962,1/17/2022,6/16/2023
16478920,952,S,45,44.2,134875,1/18/2022,6/2/2023
16478920,953,M,55,53.7,982147,3/18/2022,6/29/2023
16478920,954,XS,13,12.3,164945,7/7/2022,5/22/2023
16478920,955,S,40,40,741354,2/22/2022,6/13/2023
16478920,956,S,31,29.7,456987,8/25/2022,3/17/2023
16478920,957,S,41,42.7,123654,2/24/2022,3/21/2023
16478920,958,S,39,38.4,963258,1/3/2022,2/15/2023
16478920,959,M,64,66.4,123654,1/21/2022,5/26/2023
16478920,960,M,50,47.9,123491,1/14/2022,4/3/2023
16478920,961,S,35,36.1,125689,3/2/2022,6/27/2023
16478920,962,S,42,40.9,126234,3/29/2022,6/9/2023
16478920,963,S,36,37,345789,2/2/2022,5/25/2023
16478920,964,M,52,49.8,654123,2/2/2022,5/30/2023
16478920,965,S,26,25.5,854187,6/2/2022,5/9/2023
16478920,966,S,27,28.1,164945,1/7/2022,3/31/2023
16478920,967,S,33,31.9,127843,3/22/2022,6/2/2023
16478920,968,S,44,42.4,125729,2/16/2022,6/29/2023
16478920,969,S,48,47.8,345789,5/10/2022,6/14/2023
16478920,970,S,31,30.6,741354,1/14/2022,6/19/2023
16478920,971,S,49,48.8,123491,1/26/2022,5/17/2023
16478920,972,S,46,44.8,164945,4/1/2022,6/13/2023
16478920,973,XS,18,18.2,345789,4/12/2022,3/13/2023
16478920,974,S,45,43.8,345789,1/3/2022,5/19/2023
16478920,975,M,66,66.2,123654,4/11/2022,5/5/2023
16478920,976,M,70,73,547812,3/14/2022,4/20/2023
16478920,977,XS,9,9.4,683192,6/23/2022,1/19/2023
16478920,978,S,42,43.4,885962,1/12/2022,4/24/2023
16478920,979,M,62,64,476254,4/7/2022,6/14/2023
16478920,980,XS,23,22.1,123491,6/15/2022,12/19/2022
16478920,981,S,42,41.6,125689,2/17/2022,5/26/2023
16478920,982,S,41,42.8,632148,3/4/2022,5/3/2023
16478920,983,S,40,41.8,123491,7/7/2022,4/24/2023
16478920,984,S,38,37.3,741354,4/29/2022,6/9/2023
16478920,985,M,63,63.7,258741,1/18/2022,6/23/2023
16478920,986,M,55,53.7,345789,1/18/2022,5/30/2023
16478920,987,M,54,57.3,147853,4/14/2022,5/29/2023
16478920,988,M,54,52.6,134875,1/4/2022,3/17/2023
16478920,989,S,30,31.5,164945,2/15/2022,4/10/2023
16478920,990,S,36,35.6,547812,1/5/2022,6/15/2023
16478920,991,XS,22,23,134875,2/14/2022,1/27/2023
16478920,992,M,60,61,476254,1/12/2022,4/24/2023
16478920,993,M,52,52.6,789654,3/8/2022,5/26/2023
16478920,994,S,33,31.1,141023,2/16/2022,5/3/2023
16478920,995,S,39,39.4,982147,1/14/2022,4/28/2023
16478920,996,S,40,39.1,126234,1/21/2022,6/21/2023
16478920,997,S,45,45.5,125729,2/22/2022,4/25/2023
16478920,998,S,30,28.7,476254,4/27/2022,6/7/2023
16478920,999,S,27,27.6,654123,1/3/2022,6/14/2023
16478920,1000,XL,1250,123,654123,2/14/2022,4/25/2023